,Family,Comparison,log2FoldChange,Stat,Pvalue,Padj
0,MT-Arg-3'-half,Neurons vs Microglia,-0.348968307,237,0.29773984,0.441476314
1,MT-Arg-3'-tRF,Neurons vs Microglia,-0.224144466,162,0.009660047,0.048868473
2,MT-Asp-3'-half,Neurons vs Microglia,-0.202712417,242,0.348118459,0.498969791
3,MT-Asp-3'-tRF,Neurons vs Microglia,-0.438109431,175,0.020356522,0.087533043
4,MT-Asp-5'-tRF,Neurons vs Microglia,-0.278215489,284,0.942153304,0.942153304
5,MT-Cys-3'-half,Neurons vs Microglia,-0.829444257,218,0.151683407,0.266125521
6,MT-Cys-3'-tRF,Neurons vs Microglia,-0.536244866,139,0.002198499,0.015755913
7,MT-Cys-5'-half,Neurons vs Microglia,0.763961569,327,0.427178532,0.565190058
8,MT-Cys-5'-tRF,Neurons vs Microglia,-0.058496242,322,0.489717409,0.593178833
9,MT-Gly-5'-tRF,Neurons vs Microglia,0.371787307,325.5,0.443208403,0.568894368
10,MT-His-3'-half,Neurons vs Microglia,-0.783200729,171.5,0.016759372,0.078029251
11,MT-His-3'-tRF,Neurons vs Microglia,-0.419702124,114,0.000346883,0.00426171
12,MT-His-5'-tRF,Neurons vs Microglia,-0.294427347,303.5,0.75687353,0.803594119
13,MT-Ile-3'-half,Neurons vs Microglia,0.402417459,353,0.183528952,0.297801695
14,MT-Ile-3'-tRF,Neurons vs Microglia,0.07632322,305,0.733687646,0.788714219
15,MT-Leu-3'-tRF,Neurons vs Microglia,0.133572716,377,0.068025292,0.177278033
16,MT-Leu-5'-half,Neurons vs Microglia,1.764675782,360,0.140184044,0.266125521
17,MT-Leu-5'-tRF,Neurons vs Microglia,0.229647467,315,0.584776722,0.67960538
18,MT-Met-3'-half,Neurons vs Microglia,-0.939397266,240.5,0.33247037,0.484617827
19,MT-Met-3'-tRF,Neurons vs Microglia,-0.165203682,216,0.140399449,0.266125521
20,MT-Phe-3'-half,Neurons vs Microglia,1.040626953,351,0.197443911,0.30873048
21,MT-Phe-3'-tRF,Neurons vs Microglia,0.176064103,373,0.08144536,0.194563915
22,MT-Phe-5'-half,Neurons vs Microglia,1.962917524,417,0.008040968,0.043220205
23,MT-Phe-5'-tRF,Neurons vs Microglia,0.349952678,319,0.529414919,0.632356708
24,MT-Pro-3'-half,Neurons vs Microglia,0.146065279,308,0.687622779,0.758148192
25,MT-Pro-3'-tRF,Neurons vs Microglia,0.053154735,306,0.71821613,0.781855533
26,MT-Pro-5'-tRF,Neurons vs Microglia,0.024100796,327.5,0.421124344,0.565190058
27,MT-Ser-3'-half,Neurons vs Microglia,-0.646955186,264,0.627893856,0.719984955
28,MT-Ser-3'-tRF,Neurons vs Microglia,-0.357412373,182,0.029602151,0.106074374
29,MT-Ser-5'-tRF,Neurons vs Microglia,0.052081903,322,0.489717409,0.593178833
30,MT-Thr-3'-half,Neurons vs Microglia,-0.443092835,244,0.369561062,0.521020514
31,MT-Thr-3'-tRF,Neurons vs Microglia,-0.318991702,123,0.000694015,0.007460656
32,MT-Thr-5'-tRF,Neurons vs Microglia,0.811931636,369.5,0.094755897,0.203725178
33,MT-Tyr-3'-tRF,Neurons vs Microglia,-0.204605244,206,0.092859748,0.203725178
34,MT-Val-3'-half,Neurons vs Microglia,-0.015504772,279,0.860869804,0.881366705
35,MT-Val-3'-tRF,Neurons vs Microglia,-0.008255566,298,0.844698849,0.875230132
36,Nuc-Ala-3'-tRF,Neurons vs Microglia,-0.272372396,246,0.392155122,0.543957104
37,Nuc-Ala-5'-half,Neurons vs Microglia,1.354161165,365.5,0.110985278,0.227255568
38,Nuc-Ala-5'-tRF,Neurons vs Microglia,0.067221634,357,0.157807343,0.266125521
39,Nuc-Arg-3'-half,Neurons vs Microglia,2.122329405,478,9.29E-05,0.001996849
40,Nuc-Arg-3'-tRF,Neurons vs Microglia,0.81133111,494,2.26E-05,0.001167331
41,Nuc-Arg-5'-half,Neurons vs Microglia,2.890197491,485,5.06E-05,0.001450387
42,Nuc-Arg-5'-tRF,Neurons vs Microglia,0.162931762,318,0.543001951,0.639700928
43,Nuc-Asn-3'-half,Neurons vs Microglia,1.345003626,370,0.092824284,0.203725178
44,Nuc-Asn-3'-tRF,Neurons vs Microglia,0.602835803,371,0.088920207,0.203725178
45,Nuc-Asp-3'-half,Neurons vs Microglia,-0.228888253,221,0.170310471,0.281667318
46,Nuc-Asp-3'-tRF,Neurons vs Microglia,0.172489648,325,0.45167991,0.571242239
47,Nuc-Cys-3'-tRF,Neurons vs Microglia,-0.430230694,201,0.074488696,0.188412583
48,Nuc-Cys-5'-half,Neurons vs Microglia,4.30525395,491.5,2.71E-05,0.001167331
49,Nuc-Cys-5'-tRF,Neurons vs Microglia,1.955795779,386,0.043374263,0.131630907
50,Nuc-Gln-5'-half,Neurons vs Microglia,1.231472725,385,0.046280352,0.132670343
51,Nuc-Gln-5'-tRF,Neurons vs Microglia,1.180335994,386,0.044387166,0.131630907
52,Nuc-Glu-5'-half,Neurons vs Microglia,1.61039066,394.5,0.02788424,0.104262809
53,Nuc-Glu-5'-tRF,Neurons vs Microglia,1.05977994,359.5,0.142206313,0.266125521
54,Nuc-Gly-3'-half,Neurons vs Microglia,-1.104810259,179,0.025271162,0.098840715
55,Nuc-Gly-3'-tRF,Neurons vs Microglia,-0.210421291,224,0.19041652,0.30325594
56,Nuc-Gly-5'-half,Neurons vs Microglia,2.292242921,417,0.007846907,0.043220205
57,Nuc-Gly-5'-tRF,Neurons vs Microglia,2.5274051,469,0.000197692,0.003400294
58,Nuc-His-5'-half,Neurons vs Microglia,1.667030554,429.5,0.003643887,0.024105714
59,Nuc-His-5'-tRF,Neurons vs Microglia,1.562783554,387,0.042229004,0.131630907
60,Nuc-Ile-3'-tRF,Neurons vs Microglia,0.868622417,450,0.000868229,0.007466773
61,Nuc-Leu-3'-half,Neurons vs Microglia,0.350729858,326,0.437309755,0.568894368
62,Nuc-Leu-3'-tRF,Neurons vs Microglia,0.354639834,393,0.031181114,0.107263034
63,Nuc-Leu-5'-half,Neurons vs Microglia,3.023906976,463,0.000292564,0.004193423
64,Nuc-Leu-5'-tRF,Neurons vs Microglia,1.774130089,451,0.000803979,0.007466773
65,Nuc-Lys-3'-tRF,Neurons vs Microglia,0.202531531,341,0.279016313,0.428489338
66,Nuc-Lys-5'-half,Neurons vs Microglia,1.670854514,396.5,0.025284834,0.098840715
67,Nuc-Lys-5'-tRF,Neurons vs Microglia,1.414112438,391,0.034458726,0.113978861
68,Nuc-Met-3'-half,Neurons vs Microglia,0.30028499,328,0.41537216,0.565190058
69,Nuc-Met-3'-tRF,Neurons vs Microglia,0.026485898,308,0.687622779,0.758148192
70,Nuc-Met-5'-half,Neurons vs Microglia,1.237761469,373.5,0.078964265,0.194026479
71,Nuc-Met-5'-tRF,Neurons vs Microglia,0.045267124,300.5,0.802833269,0.841995868
72,Nuc-Phe-3'-tRF,Neurons vs Microglia,0.292670287,340,0.28827559,0.434942119
73,Nuc-Pro-3'-half,Neurons vs Microglia,0.735674031,357.5,0.154795698,0.266125521
74,Nuc-Pro-3'-tRF,Neurons vs Microglia,0.302762226,383,0.051348333,0.142450213
75,Nuc-Ser-3'-half,Neurons vs Microglia,2.357758411,439,0.001895024,0.014815641
76,Nuc-Ser-3'-tRF,Neurons vs Microglia,0.465511949,404,0.017239021,0.078029251
77,Nuc-Ser-5'-tRF,Neurons vs Microglia,0.712233557,377,0.06786832,0.177278033
78,Nuc-Thr-3'-half,Neurons vs Microglia,-0.382134016,358,0.151839021,0.266125521
79,Nuc-Thr-3'-tRF,Neurons vs Microglia,0.174891925,308,0.687622779,0.758148192
80,Nuc-Trp-3'-tRF,Neurons vs Microglia,-0.470642515,210,0.110037844,0.227255568
81,Nuc-Tyr-3'-tRF,Neurons vs Microglia,0.594459774,357,0.157818623,0.266125521
82,Nuc-Val-3'-half,Neurons vs Microglia,-0.027463194,293,0.926071638,0.936966598
83,Nuc-Val-3'-tRF,Neurons vs Microglia,0.279574125,324,0.464169994,0.578530718
84,Nuc-Val-5'-half,Neurons vs Microglia,1.487256012,358,0.1509045,0.266125521
85,Nuc-Val-5'-tRF,Neurons vs Microglia,1.458797946,423,0.005543224,0.034051233
86,MT-Arg-3'-half,Neurons vs Astrocytes,-0.286168945,228.5,0.760358918,0.908206485
87,MT-Arg-3'-tRF,Neurons vs Astrocytes,-0.760504832,133,0.036006383,0.219688706
88,MT-Asp-3'-half,Neurons vs Astrocytes,0.577452712,161,0.165649473,0.439864441
89,MT-Asp-3'-tRF,Neurons vs Astrocytes,-0.482549095,116.5,0.011858464,0.145689705
90,MT-Asp-5'-tRF,Neurons vs Astrocytes,0.832583835,261,0.226456921,0.512507769
91,MT-Cys-3'-half,Neurons vs Astrocytes,1.459194936,258,0.287167933,0.583050281
92,MT-Cys-3'-tRF,Neurons vs Astrocytes,-0.584661343,185,0.438220858,0.660615008
93,MT-Cys-5'-half,Neurons vs Astrocytes,0.600030753,197,0.637060713,0.819176596
94,MT-Cys-5'-tRF,Neurons vs Astrocytes,-0.01916493,197,0.63819572,0.819176596
95,MT-Gly-5'-tRF,Neurons vs Astrocytes,0.43076125,243,0.485744834,0.684820585
96,MT-His-3'-half,Neurons vs Astrocytes,-0.596869122,128.5,0.027013764,0.205393105
97,MT-His-3'-tRF,Neurons vs Astrocytes,-0.239855859,128,0.026152651,0.205393105
98,MT-His-5'-tRF,Neurons vs Astrocytes,0.270697059,224.5,0.837002396,0.94366765
99,MT-Ile-3'-half,Neurons vs Astrocytes,0.958862659,271,0.165975587,0.439864441
100,MT-Ile-3'-tRF,Neurons vs Astrocytes,0.032467938,209,0.868781225,0.94366765
101,MT-Leu-3'-tRF,Neurons vs Astrocytes,0.531504843,261,0.257964861,0.55462445
102,MT-Leu-5'-half,Neurons vs Astrocytes,2.839202793,319,0.008181764,0.117271955
103,MT-Leu-5'-tRF,Neurons vs Astrocytes,-0.208093764,221,0.908941381,0.952205783
104,MT-Met-3'-half,Neurons vs Astrocytes,0.538183723,217.5,0.979693174,0.979693174
105,MT-Met-3'-tRF,Neurons vs Astrocytes,-0.150985639,147,0.081679136,0.3300936
106,MT-Phe-3'-half,Neurons vs Astrocytes,0.365842912,196.5,0.629019117,0.819176596
107,MT-Phe-3'-tRF,Neurons vs Astrocytes,0.172340448,277,0.124123472,0.409584282
108,MT-Phe-5'-half,Neurons vs Astrocytes,1.006356881,256,0.314302769,0.58571378
109,MT-Phe-5'-tRF,Neurons vs Astrocytes,0.398678797,203,0.75066938,0.908206485
110,MT-Pro-3'-half,Neurons vs Astrocytes,1.130733689,246,0.453311213,0.660615008
111,MT-Pro-3'-tRF,Neurons vs Astrocytes,-0.02093139,196,0.62016229,0.819176596
112,MT-Pro-5'-tRF,Neurons vs Astrocytes,-0.111563331,186.5,0.460366284,0.660615008
113,MT-Ser-3'-half,Neurons vs Astrocytes,0.00783059,178,0.339433116,0.58571378
114,MT-Ser-3'-tRF,Neurons vs Astrocytes,-0.020031916,196,0.62016229,0.819176596
115,MT-Ser-5'-tRF,Neurons vs Astrocytes,0.689248144,229,0.750698683,0.908206485
116,MT-Thr-3'-half,Neurons vs Astrocytes,-0.415103079,218,0.969562408,0.979693174
117,MT-Thr-3'-tRF,Neurons vs Astrocytes,-0.233094663,133,0.036006383,0.219688706
118,MT-Thr-5'-tRF,Neurons vs Astrocytes,1.926448985,286.5,0.071828156,0.3300936
119,MT-Tyr-3'-tRF,Neurons vs Astrocytes,-0.179342527,162,0.173899895,0.439864441
120,MT-Val-3'-half,Neurons vs Astrocytes,0.180635516,266,0.208350818,0.497726955
121,MT-Val-3'-tRF,Neurons vs Astrocytes,-0.058912764,208,0.848820802,0.94366765
122,Nuc-Ala-3'-tRF,Neurons vs Astrocytes,-0.279049328,160,0.158359118,0.439864441
123,Nuc-Ala-5'-half,Neurons vs Astrocytes,1.482999332,269.5,0.165738192,0.439864441
124,Nuc-Ala-5'-tRF,Neurons vs Astrocytes,0.19830888,210,0.888803251,0.94366765
125,Nuc-Arg-3'-half,Neurons vs Astrocytes,0.830990244,283,0.090729187,0.3300936
126,Nuc-Arg-3'-tRF,Neurons vs Astrocytes,0.280544101,282,0.095957442,0.3300936
127,Nuc-Arg-5'-half,Neurons vs Astrocytes,1.041293221,282,0.095688185,0.3300936
128,Nuc-Arg-5'-tRF,Neurons vs Astrocytes,0.861285473,251.5,0.373500452,0.606057338
129,Nuc-Asn-3'-half,Neurons vs Astrocytes,2.035513989,276,0.128590414,0.409584282
130,Nuc-Asn-3'-tRF,Neurons vs Astrocytes,0.488564319,242,0.516908035,0.717001468
131,Nuc-Asp-3'-half,Neurons vs Astrocytes,-0.024078904,219,0.949335655,0.971938885
132,Nuc-Asp-3'-tRF,Neurons vs Astrocytes,-0.093098333,178,0.340531268,0.58571378
133,Nuc-Cys-3'-tRF,Neurons vs Astrocytes,-0.395345191,134,0.038317798,0.219688706
134,Nuc-Cys-5'-half,Neurons vs Astrocytes,3.56332773,320.5,0.007072168,0.117271955
135,Nuc-Cys-5'-tRF,Neurons vs Astrocytes,1.347376213,255,0.320487449,0.58571378
136,Nuc-Gln-5'-half,Neurons vs Astrocytes,0.253232187,222,0.88828471,0.94366765
137,Nuc-Gln-5'-tRF,Neurons vs Astrocytes,2.194546492,283,0.08989076,0.3300936
138,Nuc-Glu-5'-half,Neurons vs Astrocytes,-0.018244315,206,0.806380765,0.940423552
139,Nuc-Glu-5'-tRF,Neurons vs Astrocytes,2.127836022,303.5,0.021227277,0.202838422
140,Nuc-Gly-3'-half,Neurons vs Astrocytes,-0.920977881,100.5,0.00346668,0.074533609
141,Nuc-Gly-3'-tRF,Neurons vs Astrocytes,-0.369164171,122,0.017480791,0.187918504
142,Nuc-Gly-5'-half,Neurons vs Astrocytes,2.86766413,355,0.000219912,0.018912398
143,Nuc-Gly-5'-tRF,Neurons vs Astrocytes,1.63691516,293,0.051814473,0.278502793
144,Nuc-His-5'-half,Neurons vs Astrocytes,0.121844568,226,0.809201661,0.940423552
145,Nuc-His-5'-tRF,Neurons vs Astrocytes,1.711597135,249.5,0.400005576,0.625463265
146,Nuc-Ile-3'-tRF,Neurons vs Astrocytes,0.430417524,291,0.058288231,0.294869874
147,Nuc-Leu-3'-half,Neurons vs Astrocytes,0.61605503,255.5,0.307855181,0.58571378
148,Nuc-Leu-3'-tRF,Neurons vs Astrocytes,0.117275515,259,0.280053927,0.583050281
149,Nuc-Leu-5'-half,Neurons vs Astrocytes,2.571972082,338,0.001078202,0.030908451
150,Nuc-Leu-5'-tRF,Neurons vs Astrocytes,1.415478914,270,0.172904548,0.439864441
151,Nuc-Lys-3'-tRF,Neurons vs Astrocytes,0.06625344,255,0.327811029,0.58571378
152,Nuc-Lys-5'-half,Neurons vs Astrocytes,2.285984992,347,0.000445665,0.019163582
153,Nuc-Lys-5'-tRF,Neurons vs Astrocytes,1.195422067,269,0.179953686,0.442171913
154,Nuc-Met-3'-half,Neurons vs Astrocytes,0.73087446,282,0.095957442,0.3300936
155,Nuc-Met-3'-tRF,Neurons vs Astrocytes,0.151557776,247,0.438220858,0.660615008
156,Nuc-Met-5'-half,Neurons vs Astrocytes,-0.179251587,207,0.827819861,0.94366765
157,Nuc-Met-5'-tRF,Neurons vs Astrocytes,-0.351096183,181.5,0.373286023,0.606057338
158,Nuc-Phe-3'-tRF,Neurons vs Astrocytes,0.192824532,258,0.29152514,0.583050281
159,Nuc-Pro-3'-half,Neurons vs Astrocytes,0.691964283,211.5,0.918989302,0.952205783
160,Nuc-Pro-3'-tRF,Neurons vs Astrocytes,0.203346977,255,0.327811029,0.58571378
161,Nuc-Ser-3'-half,Neurons vs Astrocytes,2.095494513,264,0.221890136,0.512507769
162,Nuc-Ser-3'-tRF,Neurons vs Astrocytes,0.214758968,250,0.394519232,0.625463265
163,Nuc-Ser-5'-tRF,Neurons vs Astrocytes,2.420051838,302,0.028659503,0.205393105
164,Nuc-Thr-3'-half,Neurons vs Astrocytes,0.509598407,245.5,0.460894192,0.660615008
165,Nuc-Thr-3'-tRF,Neurons vs Astrocytes,-0.133031654,179,0.353563397,0.596204944
166,Nuc-Trp-3'-tRF,Neurons vs Astrocytes,-0.293242113,158,0.14389346,0.439864441
167,Nuc-Tyr-3'-tRF,Neurons vs Astrocytes,0.052928463,198,0.656473331,0.830245683
168,Nuc-Val-3'-half,Neurons vs Astrocytes,0.227021781,231,0.712471958,0.888008528
169,Nuc-Val-3'-tRF,Neurons vs Astrocytes,0.02374141,223,0.868781225,0.94366765
170,Nuc-Val-5'-half,Neurons vs Astrocytes,1.216556722,262,0.240439449,0.530199811
171,Nuc-Val-5'-tRF,Neurons vs Astrocytes,1.308201928,282.5,0.092982985,0.3300936
172,MT-Arg-3'-half,Microglia vs Astrocytes,0.062799361,263,0.2372597,0.658204329
173,MT-Arg-3'-tRF,Microglia vs Astrocytes,-0.536360366,241,0.533480043,0.847024624
174,MT-Asp-3'-half,Microglia vs Astrocytes,0.78016513,206,0.809049856,0.915675563
175,MT-Asp-3'-tRF,Microglia vs Astrocytes,-0.044439665,232,0.693614529,0.864505065
176,MT-Asp-5'-tRF,Microglia vs Astrocytes,1.110799324,289,0.053079066,0.428398294
177,MT-Cys-3'-half,Microglia vs Astrocytes,2.288639193,298.5,0.035878019,0.428398294
178,MT-Cys-3'-tRF,Microglia vs Astrocytes,-0.048416477,297,0.040754158,0.428398294
179,MT-Cys-5'-half,Microglia vs Astrocytes,-0.163930816,183,0.407699848,0.784807093
180,MT-Cys-5'-tRF,Microglia vs Astrocytes,0.039331312,174,0.291446931,0.710984618
181,MT-Gly-5'-tRF,Microglia vs Astrocytes,0.058973943,244,0.469493238,0.79169448
182,MT-His-3'-half,Microglia vs Astrocytes,0.186331607,234.5,0.647301464,0.864505065
183,MT-His-3'-tRF,Microglia vs Astrocytes,0.179846265,272,0.158359118,0.648518291
184,MT-His-5'-tRF,Microglia vs Astrocytes,0.565124406,218.5,0.958981034,0.970263164
185,MT-Ile-3'-half,Microglia vs Astrocytes,0.5564452,199,0.674932548,0.864505065
186,MT-Ile-3'-tRF,Microglia vs Astrocytes,-0.043855283,198,0.656473331,0.864505065
187,MT-Leu-3'-tRF,Microglia vs Astrocytes,0.397932128,180,0.366887028,0.751284622
188,MT-Leu-5'-half,Microglia vs Astrocytes,1.074527011,267,0.188878407,0.658204329
189,MT-Leu-5'-tRF,Microglia vs Astrocytes,-0.437741231,186,0.453384423,0.79169448
190,MT-Met-3'-half,Microglia vs Astrocytes,1.477580988,260.5,0.262731848,0.697915923
191,MT-Met-3'-tRF,Microglia vs Astrocytes,0.014218044,224,0.848820802,0.933091593
192,MT-Phe-3'-half,Microglia vs Astrocytes,-0.674784041,147,0.081431862,0.570468732
193,MT-Phe-3'-tRF,Microglia vs Astrocytes,-0.003723655,226,0.809201661,0.915675563
194,MT-Phe-5'-half,Microglia vs Astrocytes,-0.956560643,167,0.216643306,0.658204329
195,MT-Phe-5'-tRF,Microglia vs Astrocytes,0.048726119,191.5,0.541701794,0.847024624
196,MT-Pro-3'-half,Microglia vs Astrocytes,0.98466841,227,0.789534023,0.915675563
197,MT-Pro-3'-tRF,Microglia vs Astrocytes,-0.074086126,180,0.366906443,0.751284622
198,MT-Pro-5'-tRF,Microglia vs Astrocytes,-0.135664127,167,0.216643306,0.658204329
199,MT-Ser-3'-half,Microglia vs Astrocytes,0.654785775,212,0.928954737,0.951234556
200,MT-Ser-3'-tRF,Microglia vs Astrocytes,0.337380457,284,0.086233645,0.570468732
201,MT-Ser-5'-tRF,Microglia vs Astrocytes,0.63716624,212,0.929112822,0.951234556
202,MT-Thr-3'-half,Microglia vs Astrocytes,0.027989756,248.5,0.415823467,0.784807093
203,MT-Thr-3'-tRF,Microglia vs Astrocytes,0.085897039,268,0.190552622,0.658204329
204,MT-Thr-5'-tRF,Microglia vs Astrocytes,1.11451735,264.5,0.213823597,0.658204329
205,MT-Tyr-3'-tRF,Microglia vs Astrocytes,0.025262717,226,0.809201661,0.915675563
206,MT-Val-3'-half,Microglia vs Astrocytes,0.196140288,266,0.208350818,0.658204329
207,MT-Val-3'-tRF,Microglia vs Astrocytes,-0.050657198,195,0.602341148,0.863355646
208,Nuc-Ala-3'-tRF,Microglia vs Astrocytes,-0.006676933,211,0.908941381,0.951234556
209,Nuc-Ala-5'-half,Microglia vs Astrocytes,0.128838167,231.5,0.691122639,0.864505065
210,Nuc-Ala-5'-tRF,Microglia vs Astrocytes,0.131087246,162.5,0.177781662,0.658204329
211,Nuc-Arg-3'-half,Microglia vs Astrocytes,-1.291339161,111,0.007856588,0.212563747
212,Nuc-Arg-3'-tRF,Microglia vs Astrocytes,-0.53078701,114,0.009886686,0.212563747
213,Nuc-Arg-5'-half,Microglia vs Astrocytes,-1.84890427,92,0.001680989,0.144565031
214,Nuc-Arg-5'-tRF,Microglia vs Astrocytes,0.69835371,229,0.75066938,0.896679536
215,Nuc-Asn-3'-half,Microglia vs Astrocytes,0.690510363,223.5,0.857142277,0.933091593
216,Nuc-Asn-3'-tRF,Microglia vs Astrocytes,-0.114271484,174,0.29152514,0.710984618
217,Nuc-Asp-3'-half,Microglia vs Astrocytes,0.204809349,254,0.340531268,0.732142225
218,Nuc-Asp-3'-tRF,Microglia vs Astrocytes,-0.265587981,152,0.106539747,0.58462164
219,Nuc-Cys-3'-tRF,Microglia vs Astrocytes,0.034885503,195,0.602341148,0.863355646
220,Nuc-Cys-5'-half,Microglia vs Astrocytes,-0.74192622,212,0.925539555,0.951234556
221,Nuc-Cys-5'-tRF,Microglia vs Astrocytes,-0.608419566,185,0.428906202,0.784807093
222,Nuc-Gln-5'-half,Microglia vs Astrocytes,-0.978240538,160,0.155567687,0.648518291
223,Nuc-Gln-5'-tRF,Microglia vs Astrocytes,1.014210498,225,0.828132195,0.924926867
224,Nuc-Glu-5'-half,Microglia vs Astrocytes,-1.628634975,161,0.15810925,0.648518291
225,Nuc-Glu-5'-tRF,Microglia vs Astrocytes,1.068056082,290,0.049853426,0.428398294
226,Nuc-Gly-3'-half,Microglia vs Astrocytes,0.183832378,184,0.42335312,0.784807093
227,Nuc-Gly-3'-tRF,Microglia vs Astrocytes,-0.158742879,187,0.468839712,0.79169448
228,Nuc-Gly-5'-half,Microglia vs Astrocytes,0.575421209,290,0.043524064,0.428398294
229,Nuc-Gly-5'-tRF,Microglia vs Astrocytes,-0.89048994,140,0.054795131,0.428398294
230,Nuc-His-5'-half,Microglia vs Astrocytes,-1.545185986,101,0.003612194,0.15532436
231,Nuc-His-5'-tRF,Microglia vs Astrocytes,0.148813581,193,0.565514216,0.863355646
232,Nuc-Ile-3'-tRF,Microglia vs Astrocytes,-0.438204893,153,0.112167272,0.58462164
233,Nuc-Leu-3'-half,Microglia vs Astrocytes,0.265325172,248.5,0.402759042,0.784807093
234,Nuc-Leu-3'-tRF,Microglia vs Astrocytes,-0.237364319,168,0.227324196,0.658204329
235,Nuc-Leu-5'-half,Microglia vs Astrocytes,-0.451934893,232,0.66641209,0.864505065
236,Nuc-Leu-5'-tRF,Microglia vs Astrocytes,-0.358651175,160,0.156940366,0.648518291
237,Nuc-Lys-3'-tRF,Microglia vs Astrocytes,-0.136278091,197,0.63820933,0.864505065
238,Nuc-Lys-5'-half,Microglia vs Astrocytes,0.615130477,291,0.040755051,0.428398294
239,Nuc-Lys-5'-tRF,Microglia vs Astrocytes,-0.218690371,177,0.326159058,0.722865346
240,Nuc-Met-3'-half,Microglia vs Astrocytes,0.43058947,235,0.63820933,0.864505065
241,Nuc-Met-3'-tRF,Microglia vs Astrocytes,0.125071878,237,0.602341148,0.863355646
242,Nuc-Met-5'-half,Microglia vs Astrocytes,-1.417013056,154,0.115564743,0.58462164
243,Nuc-Met-5'-tRF,Microglia vs Astrocytes,-0.396363307,197.5,0.637749383,0.864505065
244,Nuc-Phe-3'-tRF,Microglia vs Astrocytes,-0.099845755,229,0.750708449,0.896679536
245,Nuc-Pro-3'-half,Microglia vs Astrocytes,-0.043709748,168.5,0.23206499,0.658204329
246,Nuc-Pro-3'-tRF,Microglia vs Astrocytes,-0.099415249,177,0.327811029,0.722865346
247,Nuc-Ser-3'-half,Microglia vs Astrocytes,-0.262263898,217,0.989668348,0.989668348
248,Nuc-Ser-3'-tRF,Microglia vs Astrocytes,-0.250752981,176,0.315403234,0.722865346
249,Nuc-Ser-5'-tRF,Microglia vs Astrocytes,1.707818281,257,0.297621468,0.710984618
250,Nuc-Thr-3'-half,Microglia vs Astrocytes,0.891732423,189,0.500537334,0.812305318
251,Nuc-Thr-3'-tRF,Microglia vs Astrocytes,-0.307923579,187,0.468839712,0.79169448
252,Nuc-Trp-3'-tRF,Microglia vs Astrocytes,0.177400402,237,0.602341148,0.863355646
253,Nuc-Tyr-3'-tRF,Microglia vs Astrocytes,-0.541531312,150,0.095957442,0.58462164
254,Nuc-Val-3'-half,Microglia vs Astrocytes,0.254484975,230,0.731506844,0.896679536
255,Nuc-Val-3'-tRF,Microglia vs Astrocytes,-0.255832715,189,0.500606766,0.812305318
256,Nuc-Val-5'-half,Microglia vs Astrocytes,-0.27069929,210,0.887160035,0.951234556
257,Nuc-Val-5'-tRF,Microglia vs Astrocytes,-0.150596019,172,0.267804947,0.697915923